{"action": {"mean": [0.006987567059695721, 0.006265868898481131, -0.012625112198293209, 0.04333272576332092, -0.005756245460361242, 0.0009130232501775026, 0.5354204773902893], "std": [0.06921152025461197, 0.05971040576696396, 0.07353048771619797, 0.156105175614357, 0.1316440999507904, 0.14593836665153503, 0.4971115291118622], "max": [2.9984593391418457, 22.09052848815918, 2.7507524490356445, 1.570636510848999, 1.5321086645126343, 1.5691522359848022, 1.0], "min": [-2.0204520225524902, -5.497899532318115, -2.031663417816162, -1.569917917251587, -1.569892168045044, -1.570419430732727, 0.0], "p99": [0.17824687153100965, 0.14938379630446405, 0.21842354819178575, 0.5892666035890578, 0.35272657424211445, 0.44796681255102094, 1.0], "p01": [-0.22453527510166169, -0.14820013284683228, -0.231589707583189, -0.3517994859814644, -0.4193011274933815, -0.43643461108207704, 0.0]}, "num_transitions": 3786400, "num_trajectories": 87212, "proprio": {"mean": [0.5599020719528198, -0.08333852887153625, 0.7770926356315613, -0.24803675711154938, 0.49517107009887695, 0.09266142547130585, 0.20975486934185028, 0.42613455653190613], "std": [0.12432780861854553, 0.11558882147073746, 0.24595776200294495, 0.5126982927322388, 0.5218101143836975, 0.16630391776561737, 0.2754841148853302, 0.45544859766960144], "max": [1.0534898042678833, 0.48018959164619446, 1.6896663904190063, 0.9999993443489075, 0.9999874830245972, 0.9554369449615479, 0.9914546012878418, 1.0], "min": [-0.4436439275741577, -0.9970501065254211, -0.006579156965017319, -0.8643477559089661, -0.7079970240592957, -0.7688722014427185, -0.4999994933605194, 0.0], "p99": [0.8750156319141384, 0.21247054174542404, 1.0727112340927123, 0.9377871316671368, 0.9563051050901409, 0.45990042358636823, 0.7216041100025177, 1.0], "p01": [0.32481380939483645, -0.28334290891885755, 0.14107070609927178, -0.686474204659462, -0.6808923494815826, -0.36045596331357954, -0.454380963742733, 0.0]}}
